Time (s),Latitude (°),Longitude (°),Height (m),Velocity (m/s),Direction (°),Horizontal Accuracy (m),Vertical Accuracy (m)
5.211314708,65.059615,25.46963,21.11553154,1.121065021,180.2200012,2.299999952,13.60000038
6.211314708,65.05961,25.46965167,24.01553584,1.189523101,178.0599976,2.0,12.30000019
7.211314708,65.059605,25.46968333,23.81554124,1.247171998,164.3899994,1.799999952,12.30000019
8.678314708,65.05959333,25.4697,24.31554752,1.315629959,177.1999969,1.700000048,11.89999962
9.678314708,65.059585,25.46969833,25.1155505,1.003708363,186.2700043,1.600000024,10.10000038
10.67831471,65.05957833,25.46970167,26.0155534,1.232759714,176.5299988,1.600000024,10.10000038
11.67831471,65.05956833,25.46969833,26.51555683,1.551887512,177.8600006,1.5,9.300000191
12.67831471,65.059555,25.4697,26.61556208,1.455119729,178.1000061,1.600000024,9.5
13.67831471,65.059545,25.46969167,26.91556496,0.9275294542,164.6600037,1.600000024,8.899999619
14.67831471,65.05953167,25.46968667,27.41556947,1.20959723,162.4700012,1.600000024,8.800000191
15.67831471,65.05951667,25.46968333,27.5155748,1.193126082,176.6100006,1.600000024,8.699999809
16.17831471,65.05950667,25.46968,27.51557823,1.115917802,177.3999939,1.600000024,8.199999809
16.67831471,65.05949833,25.46967333,27.31558065,0.7437736392,170.3500061,1.5,8.199999809
17.17831471,65.05949167,25.46966833,27.21558263,0.7561269403,176.4600067,1.399999976,8.199999809
18.67831471,65.059475,25.46966,27.81558804,1.131874204,183.7799988,1.5,8.300000191
19.67831471,65.05946167,25.46965667,27.71559274,1.151948333,168.1199951,1.5,8.699999809
20.67831471,65.05944833,25.46966167,27.71559835,1.501444697,177.4900055,1.399999976,9.300000191
21.67831471,65.05943167,25.46965833,27.31560432,1.537989974,183.7599945,1.399999976,9.800000191
22.67831471,65.05941833,25.46965333,26.91560883,1.172022462,178.1999969,1.399999976,10.19999981
23.67831471,65.05940333,25.46964667,26.61561379,1.19209671,184.5800018,1.399999976,10.69999981
24.67831471,65.05939,25.46963833,26.31561793,1.228641987,190.6799927,1.399999976,10.89999962
25.67831471,65.05937667,25.46963667,26.01562281,1.237392187,170.6300049,1.5,10.30000019
26.67831471,65.059365,25.46964333,25.61562798,1.283717275,167.1300049,1.399999976,10.19999981
27.67831471,65.059355,25.469645,25.31563196,1.345483899,177.2599945,1.399999976,10.0
28.67831471,65.05934333,25.46964167,24.81563603,1.349087,183.25,1.399999976,10.10000038
29.67831471,65.05933,25.46964333,24.61564128,1.348057508,184.9499969,1.399999976,9.899999619
30.67831471,65.05931833,25.46964833,24.51564626,1.328498006,179.1199951,1.399999976,10.10000038
31.67831471,65.059305,25.46965,24.21565151,1.323350787,192.5099945,1.399999976,10.10000038
32.67831471,65.05929,25.469645,23.91565665,1.309453368,193.8899994,1.399999976,10.5
33.67831471,65.05927833,25.46964833,23.71566145,1.30173254,184.5,1.399999976,10.80000019
34.67831471,65.05926333,25.46965333,23.61566771,1.300703049,182.0399933,1.399999976,8.399999619
35.67831471,65.05924833,25.46965667,23.61567377,1.365043283,173.7400055,1.5,8.100000381
36.67831471,65.05923167,25.46966,23.71568047,1.403132796,178.8500061,1.5,8.100000381
37.67931471,65.059215,25.46966333,23.11568717,1.444310546,170.8999939,1.600000024,8.199999809
38.67931471,65.05919833,25.46967333,22.5156946,1.504018307,171.0500031,1.600000024,8.100000381
39.67931471,65.05918167,25.46967,22.41570057,1.531298637,174.9799957,1.600000024,7.900000095
40.67931471,65.05916667,25.46965833,22.21570498,1.529239774,173.9900055,1.600000024,8.300000191
41.67931471,65.059155,25.46965667,21.91570922,1.526151419,183.6699982,1.5,8.100000381
42.67931471,65.05914333,25.46964833,21.81571274,1.516371608,177.0399933,1.600000024,8.199999809
43.67931471,65.05913333,25.469645,21.61571617,1.507621408,183.8699951,1.600000024,8.300000191
44.67931471,65.05912,25.46964667,21.81572142,1.486517787,179.9900055,1.600000024,8.199999809
45.67931471,65.05910833,25.46964167,22.4157253,1.432471991,175.4199982,1.600000024,8.100000381
46.67931471,65.05909333,25.46964167,22.81573099,1.394897223,175.4299927,1.600000024,8.5
47.67931471,65.05908,25.46964333,23.31573624,1.362469673,176.1000061,1.600000024,8.199999809
48.67931471,65.05906167,25.469645,23.81574339,1.357322454,178.6499939,1.600000024,8.399999619
49.67931471,65.059045,25.469645,24.21574972,1.380999684,179.0700073,1.700000048,8.5
50.67931471,65.05902833,25.46964333,24.71575587,1.470046639,182.0099945,1.700000048,8.399999619
51.67931471,65.05900833,25.46964833,24.91576402,1.518430591,177.5099945,1.700000048,8.600000381
52.67931471,65.05899333,25.469645,25.01576935,1.571446896,180.5,1.700000048,8.5
53.67931471,65.05898167,25.469645,24.81577378,1.584829688,166.9600067,1.700000048,8.699999809
54.67931471,65.05897167,25.46964833,24.31577795,1.60078609,179.5500031,1.700000048,8.5
55.67931471,65.05895667,25.469645,23.41578328,1.567843914,176.8600006,1.700000048,8.5
56.67931471,65.058945,25.46965,22.71578826,1.594609499,167.3500061,1.700000048,8.300000191
57.67931471,65.05893167,25.46965833,22.21579424,1.569388032,167.5399933,1.700000048,8.300000191
58.67931471,65.05891833,25.46966833,22.11580041,1.548284411,180.8399963,1.600000024,7.900000095
59.67931471,65.05890333,25.46967333,21.91580666,1.495268106,192.0299988,1.600000024,8.0
60.67931471,65.05889,25.46967667,21.71581209,1.372249484,188.3600006,1.700000048,8.199999809
61.67931471,65.05887833,25.46966833,21.5158156,1.270334482,191.1999969,1.600000024,8.399999619
62.67931471,65.05886833,25.46966667,21.21581922,1.171507835,186.5700073,1.600000024,8.0
63.67931471,65.05886,25.46966667,21.21582238,1.107682228,186.5099945,1.600000024,8.399999619
64.67931471,65.05884833,25.46966833,21.215827,1.091211081,172.4199982,1.600000024,8.300000191
65.67931471,65.05883167,25.46966833,20.81583333,1.167904735,177.7100067,1.700000048,8.0
66.67931471,65.05881333,25.46967,20.91584048,1.19209671,171.3399963,1.700000048,8.0
67.67931471,65.05879333,25.469675,21.21584862,1.219891667,166.5700073,1.700000048,7.900000095
68.67931471,65.05877667,25.46967833,21.31585532,1.21577394,167.8800049,1.600000024,7.800000191
69.67931471,65.05876,25.46968333,21.3158622,1.226583004,158.1999969,1.600000024,7.5
70.67931471,65.05874667,25.469685,21.21586745,1.256436944,171.2599945,1.5,7.099999905
71.67931471,65.05872833,25.46968333,21.01587423,1.279084682,172.1499939,1.600000024,7.400000095
72.67931471,65.058715,25.46967833,21.01587874,1.337763071,170.3699951,1.5,7.400000095
73.67931471,65.05870167,25.46968167,20.91588417,1.397985578,176.3800049,1.5,7.300000191
74.67931471,65.05868667,25.46967833,20.91588951,1.380999684,185.1499939,1.5,7.199999809
75.67931471,65.05867167,25.46967333,21.11589465,1.352175236,183.5599976,1.5,7.199999809
76.67931471,65.05865833,25.469675,21.4158999,1.315629959,180.6100006,1.399999976,7.300000191
77.67931471,65.058645,25.46968,21.71590551,1.26570189,176.6600037,1.5,7.300000191
78.67931471,65.05863333,25.469685,21.9159105,1.26570189,182.2899933,1.5,7.300000191
79.67931471,65.05862,25.46968667,22.11591574,1.285261393,181.9299927,1.5,7.400000095
80.67931471,65.05860667,25.46968667,22.31592081,1.316659451,185.5200043,1.5,7.5
81.67931471,65.05859167,25.46968167,22.31592596,1.334674716,193.4400024,1.5,7.5
82.67931471,65.05857667,25.46967333,22.21593074,1.387176394,194.7899933,1.5,7.300000191
83.67931471,65.05855833,25.469665,22.21593679,1.372249484,204.3699951,1.700000048,7.300000191
84.67931471,65.05854333,25.46966167,22.01594212,1.358351946,193.0599976,1.700000048,7.300000191
85.67931471,65.05852667,25.46966333,21.91594863,1.365043283,187.3399963,1.600000024,7.400000095
86.67931471,65.05851,25.469665,22.21595514,1.356293082,177.7799988,1.600000024,7.400000095
87.67931471,65.05849833,25.46967167,22.31596031,1.368646383,169.7200012,1.5,7.199999809
88.67931471,65.05848667,25.46967667,22.51596529,1.334674716,171.1900024,1.5,7.300000191
89.67931471,65.058475,25.46967667,22.61596972,1.300188303,177.4799957,1.5,7.599999905
90.67931471,65.05846,25.46967667,22.61597542,1.304306149,177.4400024,1.5,7.800000191
91.67931471,65.05844333,25.46968,22.61598211,1.341366053,170.8600006,1.600000024,7.800000191
92.67931471,65.05842167,25.46969,22.91599144,1.359896064,170.1100006,1.600000024,8.0
93.67931471,65.0584,25.46970333,23.11600113,1.434530854,173.3999939,1.600000024,8.100000381
94.67931471,65.05837667,25.46971333,23.31601109,1.541078329,169.7299957,1.600000024,8.0
95.67931471,65.05835833,25.469725,23.41601934,1.53593111,161.0099945,1.600000024,7.900000095
96.67931471,65.05833667,25.46974167,23.71602939,1.616227746,157.1600037,1.600000024,7.900000095
97.67931471,65.058315,25.46975833,23.91603945,1.667700052,155.5899963,1.5,7.900000095
98.67931471,65.05830167,25.46976667,23.61604543,1.675935507,157.1999969,1.5,7.900000095
99.67931471,65.05828833,25.46978,23.71605195,1.680053353,144.0200043,1.399999976,7.800000191
100.6793147,65.05827667,25.4698,24.01605858,1.627551675,143.2799988,1.399999976,7.900000095
101.6793147,65.05826833,25.46982167,24.01606412,1.57710886,127.6999969,1.399999976,8.0
102.6793147,65.05826167,25.46984667,24.01606939,1.460781693,139.5200043,1.399999976,8.199999809
103.6793147,65.05826,25.46987,23.71607258,1.332615852,106.2799988,1.399999976,8.399999619
104.6793147,65.05825667,25.46990167,23.61607732,1.250260234,97.94999695,1.399999976,8.5
105.6793147,65.058255,25.46994,23.01608215,1.238421679,105.3700027,1.399999976,8.699999809
106.6793147,65.058255,25.46997667,22.61608617,1.177684426,95.13999939,1.399999976,8.800000191
107.6793147,65.058255,25.47000667,22.31608946,1.129815221,102.9599991,1.399999976,8.699999809
108.6793147,65.05825333,25.470035,22.0160932,1.148345232,109.4000015,1.399999976,8.800000191
109.6793147,65.05825,25.47006667,21.71609794,1.158125043,102.5500031,1.399999976,9.0
110.6793147,65.05824667,25.47010333,21.31610322,1.190037727,99.76000214,1.399999976,8.800000191
111.6793147,65.058245,25.47013833,21.21610769,1.207023621,98.75,1.399999976,8.899999619
112.6793147,65.058245,25.47016833,20.91611098,1.259525299,88.12999725,1.399999976,8.399999619
113.6793147,65.05824667,25.47020667,20.91611455,1.392323613,95.70999908,1.399999976,8.5
114.6793147,65.058245,25.47024167,21.01611902,1.390779495,94.90000153,1.399999976,8.399999619
115.6793147,65.05824333,25.47026833,21.21612258,1.333130598,120.5,1.399999976,8.300000191
116.6793147,65.05824,25.470285,21.11612567,1.255407453,119.25,1.399999976,8.399999619
117.6793147,65.058235,25.47030667,20.81612994,1.23070085,127.0199966,1.399999976,8.300000191
118.6793147,65.05823,25.470325,20.71613385,1.170478344,132.1799927,1.399999976,7.699999809
119.6793147,65.05822333,25.47033833,20.51613784,1.143712759,141.6900024,1.399999976,8.100000381
120.6793147,65.05821333,25.47035167,20.31614309,1.101505518,145.6799927,1.399999976,8.199999809
121.6793147,65.05820167,25.47035667,20.21614806,1.07010746,155.9299927,1.5,7.900000095
122.6793147,65.05819,25.47034833,20.31615157,1.030988574,179.2700043,1.600000024,8.199999809
123.6793147,65.05817833,25.470335,20.01615454,0.9630452991,187.2299957,1.5,8.199999809
124.6793147,65.05816333,25.47032167,20.11615877,0.9146614075,190.3500061,1.5,8.300000191
125.6793147,65.05814833,25.470305,20.11616263,0.9671630263,178.1999969,1.600000024,7.900000095
126.6793147,65.05813,25.47029333,20.31616831,1.008855581,175.4100037,1.5,8.100000381
127.6793147,65.05811167,25.47028333,20.51617416,1.087608099,169.6600037,1.5,8.0
128.6793147,65.05808833,25.47027333,20.91618192,1.17099309,173.4100037,1.5,7.800000191
129.6793147,65.05806833,25.47025833,21.21618786,1.272393346,183.8399963,1.5,7.900000095
130.6793147,65.05805,25.47023833,21.61619263,1.30173254,180.4700012,1.5,7.699999809
131.6793147,65.05803333,25.470215,22.0161964,1.333645225,186.3600006,1.5,7.699999809
132.6793147,65.05801833,25.47019667,22.31620008,1.39644134,195.4799957,1.5,7.800000191
133.6793147,65.05799833,25.47017833,22.71620566,1.384602785,194.6100006,1.600000024,7.900000095
134.6793147,65.05798167,25.47016167,23.11621016,1.42269218,188.7400055,1.5,7.800000191
135.6793147,65.057965,25.47015167,23.51621539,1.440707445,176.0599976,1.5,8.100000381
136.6793147,65.05794833,25.47014167,24.01622062,1.457178593,171.4600067,1.5,7.900000095
137.6793147,65.05793667,25.470135,24.41622432,1.385117531,176.3399963,1.5,8.0
138.6793147,65.057925,25.47013167,24.61622839,1.33673358,178.6000061,1.5,8.300000191
139.6793147,65.05791,25.47012833,24.91623371,1.299158931,177.4499969,1.5,8.100000381
140.6793147,65.057895,25.47012833,25.0162394,1.28062892,171.7599945,1.5,7.900000095
141.6793147,65.05788333,25.470125,25.11624347,1.19209671,189.6199951,1.5,8.100000381
142.6793147,65.057875,25.47011833,25.0162459,1.067533851,195.2100067,1.5,8.100000381
143.6793147,65.05786667,25.47011333,24.61624852,1.001649499,182.4199982,1.5,8.100000381
144.6793147,65.057855,25.470115,24.21625312,0.9769427776,174.7100067,1.5,7.699999809
145.6793147,65.05784167,25.47011167,23.91625782,0.9306177497,176.0200043,1.5,7.900000095
146.6793147,65.05782833,25.47010833,23.71626252,0.9095141888,176.8500061,1.399999976,7.800000191
147.6793147,65.05781333,25.470105,23.41626784,0.9146614075,191.4499969,1.399999976,7.5
148.6793147,65.05779833,25.47010167,23.31627317,0.9362797141,176.8000031,1.5,7.599999905
149.6793147,65.05778167,25.47009833,23.11627913,0.9398827553,183.6000061,1.5,7.599999905
150.6793147,65.05776667,25.4701,22.91628501,0.9311324954,188.3500061,1.5,7.400000095
151.6793147,65.05775333,25.47009833,22.71628988,1.021723628,191.9900055,1.5,7.5
152.6793147,65.05774,25.4701,22.41629513,1.123123884,188.0,1.600000024,7.5
153.6793147,65.057725,25.47010833,22.21630173,1.17099309,180.0099945,1.600000024,7.300000191
154.6793147,65.05771333,25.47012,22.11630743,1.183346391,177.5700073,1.600000024,7.099999905
155.6793147,65.05770167,25.47012667,21.91631258,1.22452414,183.5,1.600000024,7.400000095
156.6793147,65.05768833,25.47013167,21.81631819,1.22709775,175.9499969,1.600000024,7.5
157.6793147,65.05767333,25.47013333,21.71632406,1.262098908,172.3300018,1.600000024,7.400000095
158.6793147,65.05765833,25.470135,21.61632993,1.23945117,184.4400024,1.600000024,7.5
159.6793147,65.057645,25.47014167,21.51633572,1.181802273,143.6000061,1.600000024,7.900000095
160.6793147,65.05763667,25.47015167,21.41633997,1.150918841,141.5399933,1.600000024,8.0
161.6793147,65.05762167,25.470155,21.31634603,1.10871172,161.6199951,1.600000024,8.0
162.6793147,65.05760833,25.47015833,21.31635145,1.040768385,166.6600037,1.600000024,8.0
163.6793147,65.0576,25.47016333,21.41635516,0.9970169663,166.8800049,1.5,8.199999809
164.6793147,65.05758833,25.47015,21.41635813,0.967677772,186.3099976,1.600000024,8.5
165.6793147,65.05758,25.47014333,21.51636057,0.9373091459,191.0899963,1.600000024,8.5
166.6793147,65.05756333,25.470135,21.71636598,0.9851783514,191.6499939,1.700000048,8.5
167.6793147,65.05754333,25.47012667,21.81637266,0.9728249907,195.5200043,1.700000048,8.399999619
168.6793147,65.057525,25.47012,22.11637889,1.000620008,191.3200073,1.600000024,8.600000381
169.6793147,65.05751,25.47011167,22.31638368,1.039224148,189.0800018,1.600000024,8.399999619
170.6793147,65.057495,25.470105,22.41638864,1.08503449,194.5899963,1.5,8.5
171.6793147,65.05748167,25.47010167,22.51639334,1.131359458,187.5299988,1.5,8.399999619
172.6793147,65.05747,25.47009833,22.7163974,1.167904735,191.0599976,1.5,8.5
173.6793147,65.05746,25.4701,23.11640138,1.224009395,188.2899933,1.5,8.399999619
174.6793147,65.05744833,25.47010333,23.21640617,1.255407453,168.6699982,1.399999976,8.399999619
175.6793147,65.05743833,25.47010833,23.21641051,1.281143665,180.4199982,1.5,8.300000191
176.6793147,65.05742167,25.47012333,24.41641847,1.326953888,177.0,1.600000024,8.5
177.6793147,65.05740333,25.470135,25.31642669,1.393353105,182.3300018,1.700000048,8.699999809
178.6793147,65.05738167,25.47015,26.71643655,1.402103305,169.6499939,1.799999952,8.5
179.6793147,65.05736833,25.47016,27.8164427,1.425265789,175.8200073,1.799999952,8.600000381
180.6793147,65.05735333,25.47016333,29.11644875,1.464384675,186.2599945,1.700000048,8.699999809
181.6793147,65.05734,25.470165,30.01645399,1.437104464,177.0500031,1.600000024,8.600000381
182.6793147,65.05733,25.47017333,30.91645869,1.41136837,159.9900055,1.600000024,8.600000381
183.6793147,65.05732333,25.47018,31.01646195,1.355263591,138.8699951,1.600000024,8.5
184.6793147,65.05732,25.47019,31.0164643,1.302247167,139.3500061,1.600000024,8.300000191
185.6793147,65.05731333,25.47019667,30.91646755,1.235848069,159.1699982,1.600000024,8.399999619
186.6793147,65.05730333,25.470205,30.91647226,1.113858938,161.7200012,1.600000024,8.399999619
187.6793147,65.05729333,25.47021,30.81647659,1.019664764,175.2899933,1.700000048,8.600000381
188.6793147,65.05728,25.470215,30.9164822,0.9537802935,176.7100067,1.700000048,8.199999809
189.6793147,65.05727,25.47021667,30.61648617,0.8431149721,166.4199982,1.600000024,8.0
190.6793147,65.057255,25.47021833,30.61649204,0.7602447271,171.1399994,1.600000024,7.800000191
191.6793147,65.05724167,25.47022833,30.71649819,0.7329644561,166.7899933,1.600000024,7.699999809
192.6793147,65.05723167,25.47022667,30.5165018,0.7437736392,169.9400024,1.700000048,7.599999905
193.6793147,65.05721833,25.47022667,30.51650686,0.7834072113,171.8500061,1.600000024,7.699999809
194.6793147,65.05721,25.47022667,30.31651002,0.8240702748,170.0899963,1.600000024,7.5
195.6793147,65.0572,25.47022,30.11651309,0.8534094691,173.0700073,1.5,7.5
196.6793147,65.05718833,25.47021667,30.01651715,0.9120877981,174.9499969,1.5,7.5
197.6793147,65.057175,25.47022,29.71652257,0.9800311327,170.3300018,1.5,7.699999809
198.6793147,65.05716167,25.47021833,29.31652745,0.9862077832,183.7899933,1.5,8.0
199.6793147,65.05715167,25.47022,29.01653143,1.013488054,162.3200073,1.600000024,8.100000381
200.6793147,65.057145,25.47022167,28.61653414,1.014517546,184.25,1.600000024,7.900000095
201.6793147,65.05713667,25.470225,28.31653766,1.011429191,174.0099945,1.600000024,7.800000191
202.6793147,65.057125,25.47022833,27.91654245,1.018120527,170.6399994,1.5,7.400000095
203.6793147,65.057115,25.47023167,27.5165466,1.0140028,169.7599945,1.5,7.599999905
204.6793147,65.05710333,25.47023167,27.21655103,1.042827249,182.1499939,1.600000024,7.900000095
205.6793147,65.05709333,25.47023333,27.216555,1.05260694,177.7799988,1.700000048,7.800000191
206.6793147,65.05707833,25.47023333,27.21656069,1.036135793,180.8600006,1.700000048,7.699999809
207.6793147,65.05706,25.470235,26.81656783,1.012973309,180.8500061,1.700000048,7.699999809
208.6793147,65.05704667,25.47023167,26.51657253,1.039738894,188.5099945,1.799999952,8.0
209.6793147,65.057035,25.470235,26.01657731,1.048489213,156.3200073,1.799999952,8.300000191
210.6793147,65.05702667,25.47024,25.71658102,0.99907583,127.5800018,1.700000048,8.199999809
211.6793147,65.05701667,25.47024667,25.21658554,0.9537802935,158.1900024,1.700000048,8.199999809
212.6793147,65.05700667,25.47024833,24.81658951,0.9177497029,165.1199951,1.700000048,8.100000381
213.6793147,65.056995,25.47024833,24.71659394,0.8945872188,169.1499939,1.600000024,8.0
214.6793147,65.05698167,25.47024333,24.51659845,0.862159729,177.4199982,1.600000024,7.800000191
215.6793147,65.05696833,25.47023667,24.31660279,0.847232759,183.3899994,1.600000024,7.800000191
216.6793147,65.05695167,25.47023167,23.91660857,0.8405413628,178.7400055,1.600000024,7.699999809
217.6793147,65.05693667,25.47022833,23.4166139,0.8235555291,179.3200073,1.700000048,7.900000095
218.6793147,65.05692333,25.470225,22.91661859,0.8117169738,175.0200043,1.700000048,7.900000095
219.6793147,65.05691,25.470235,22.71662473,0.8194378018,169.3500061,1.700000048,7.699999809
220.6793147,65.05689833,25.47024333,22.51663006,0.8992197514,167.1199951,1.700000048,7.699999809
221.6793147,65.05688667,25.47025333,22.21663558,0.9640747309,162.9199982,1.700000048,7.599999905
222.6793147,65.05687333,25.47025667,22.21664099,0.9707661271,143.8899994,1.700000048,7.599999905
223.6793147,65.056865,25.47025667,21.91664416,0.9666483402,153.3699951,1.700000048,7.900000095
224.6793147,65.056855,25.47025,21.81664723,0.9594421983,166.1000061,1.700000048,7.699999809
225.6793147,65.05684167,25.470245,21.71665174,0.9527508616,171.2799988,1.700000048,7.900000095
226.6793147,65.05683167,25.47023833,21.41665481,0.9301030636,176.0899963,1.700000048,8.0
227.6793147,65.05682,25.470235,21.31665888,0.8868663907,176.8899994,1.700000048,7.699999809
228.6793147,65.05680333,25.47023833,21.01666556,0.8765719533,176.2599945,1.700000048,7.699999809
229.6793147,65.05678667,25.47024333,20.81667243,0.8734835982,171.4799957,1.700000048,8.0
230.6793147,65.056775,25.47025333,20.31667794,0.8822339177,171.5899963,1.600000024,7.800000191
231.6793147,65.05676,25.47025833,19.91668417,0.8920136094,178.6699982,1.600000024,7.699999809
232.6793147,65.05674667,25.47026333,19.51668977,0.9033374786,180.9600067,1.700000048,7.900000095
233.6793147,65.05673333,25.47026833,19.21669537,0.9177497029,179.4600067,1.600000024,8.0
234.6793147,65.05672,25.47027667,19.11670133,0.9738544226,165.4100037,1.600000024,7.599999905
235.6793147,65.05670167,25.47028333,18.916709,1.010399699,170.5899963,1.5,7.400000095
236.6793147,65.056685,25.470285,18.71671551,1.053636432,173.4700012,1.5,7.400000095
237.6793147,65.05666833,25.47028833,18.51672219,1.121065021,177.1100006,1.5,7.300000191
238.6793147,65.056655,25.470285,17.81672689,1.193640828,185.8699951,1.700000048,7.400000095
239.6793147,65.05663833,25.47028667,17.61673339,1.264672518,179.1199951,1.600000024,7.5
240.6793147,65.05662167,25.47028833,17.11673989,1.290923357,176.6100006,1.700000048,7.599999905
241.6793147,65.05660667,25.47029167,17.01674594,1.34033668,186.8999939,1.700000048,7.300000191
242.6793147,65.05659667,25.47028333,16.91674883,1.359381437,183.0599976,1.700000048,7.300000191
243.6793147,65.05658667,25.47027,16.81675118,1.374308348,206.0500031,1.700000048,7.400000095
244.6793147,65.05657667,25.47025667,16.31675353,1.331586361,202.3500061,1.700000048,7.400000095
245.6793147,65.05656333,25.47024333,16.21675715,1.350631118,200.3800049,1.700000048,7.5
246.6793147,65.05654833,25.47024167,16.21676266,1.351660609,182.6000061,1.700000048,7.599999905
247.6793147,65.056535,25.47024667,16.01676826,1.357322454,176.2200012,1.799999952,7.800000191
248.6793147,65.05652,25.47026,16.11677539,1.300188303,164.8500061,1.799999952,7.800000191
249.6793147,65.05650833,25.47026833,15.91678072,1.237392187,168.8600006,1.799999952,8.0
250.6793147,65.056495,25.47027167,15.51678613,1.187978864,176.1000061,1.700000048,7.800000191
251.6793147,65.05648333,25.47027833,15.31679128,1.103049755,166.4400024,1.700000048,7.800000191
252.6793147,65.05647167,25.47028333,15.21679625,1.074740052,172.1399994,1.700000048,7.699999809
253.6793147,65.05646,25.47028333,15.01680067,1.078343034,181.25,1.700000048,7.900000095
254.6793147,65.05644333,25.47028,14.61680663,1.065474987,175.4299927,1.700000048,8.0
255.6793147,65.05643167,25.47027833,14.11681088,1.016061664,180.8999939,1.799999952,7.400000095
256.6793147,65.056415,25.47027667,13.81681702,0.9980463982,187.2700043,1.700000048,7.400000095
257.6793147,65.05639833,25.47027667,13.51682334,0.9800311327,182.3200073,1.600000024,7.400000095
258.6793147,65.05637833,25.47027833,13.21683111,1.034591675,183.5800018,1.700000048,7.400000095
259.6793147,65.05636333,25.47028167,13.31683716,1.080401897,180.5200043,1.600000024,7.199999809
260.6793147,65.056345,25.47028167,13.21684411,1.147830606,181.5599976,1.600000024,7.099999905
261.6793147,65.05633,25.47028333,13.21684998,1.208567739,169.5800018,1.600000024,7.199999809
262.6793147,65.056315,25.47028167,13.21685549,1.275481701,179.0099945,1.600000024,7.300000191
263.6793147,65.05630333,25.47028667,13.11686046,1.294526339,181.7599945,1.600000024,7.199999809
264.6793147,65.05629167,25.470285,13.1168647,1.363499165,175.5200043,1.600000024,7.300000191
265.6793147,65.05628167,25.470285,13.0168685,1.394382477,178.8200073,1.600000024,7.5
266.6793147,65.05627,25.47029,12.81687346,1.426810026,170.1600037,1.600000024,7.599999905
267.6793147,65.05625333,25.47030167,12.51688104,1.50865078,166.2899933,1.600000024,7.400000095
268.6793147,65.05623333,25.47031,12.21688953,1.533357501,164.4299927,1.700000048,7.699999809
269.6793147,65.05621667,25.47032,12.11689693,1.526666164,159.6199951,1.700000048,7.800000191
270.6793147,65.05619833,25.47032667,12.2169046,1.518430591,158.0099945,1.700000048,7.900000095
271.6793147,65.05618167,25.47034333,12.51691272,1.503503561,155.1600037,1.700000048,7.800000191
272.6793147,65.05616667,25.47036167,12.41692039,1.499900579,151.8999939,1.700000048,7.900000095
273.6793147,65.056155,25.47038,12.41692679,1.51482749,155.8899994,1.600000024,7.5
274.6793147,65.05613667,25.47039833,12.51693572,1.50865078,156.1999969,1.600000024,7.699999809
275.6793147,65.05611833,25.47042,12.71694501,1.557549477,158.3600006,1.700000048,7.599999905
276.6793147,65.0561,25.47043833,12.91695394,1.611595273,159.8099976,1.700000048,7.599999905
277.6793147,65.05608167,25.47044833,12.61696196,1.595124125,167.7200012,1.700000048,7.300000191
278.6793147,65.05606167,25.47046167,12.61697099,1.626007557,166.8999939,1.600000024,7.300000191
279.6793147,65.05604333,25.470475,12.31697937,1.672332525,168.3500061,1.5,7.300000191
280.6793147,65.05602833,25.47048333,12.11698596,1.677479744,180.1499939,1.700000048,7.300000191
281.6793147,65.05601333,25.47048,12.01699129,1.73409915,179.9199982,1.700000048,7.099999905
282.6793147,65.056,25.47047,12.11699526,1.744908333,209.3999939,1.700000048,7.099999905
283.6793147,65.05599,25.47045,11.9169969,1.733069777,217.6399994,1.600000024,6.900000095
284.6793147,65.05598333,25.470425,11.91699674,1.73770225,227.6100006,1.5,6.900000095
285.6793147,65.055975,25.47039167,12.21699631,1.726893067,239.3500061,1.5,6.900000095
286.6793147,65.05596667,25.47035167,12.61699516,1.706304193,240.6600037,1.600000024,6.900000095
287.6793147,65.05595833,25.470315,12.91699437,1.660493851,243.1199951,1.600000024,6.800000191
288.6793147,65.05595167,25.47027667,12.91699277,1.58946228,239.3899994,1.600000024,7.0
289.6793147,65.05594833,25.47024667,13.11699081,1.519974709,240.6600037,1.600000024,6.800000191
290.6793147,65.05594,25.47021667,13.21699074,1.505562544,247.5599976,1.5,6.699999809
291.6793147,65.05593667,25.47018667,13.11698877,1.46747303,261.2000122,1.600000024,7.0
292.6793147,65.05593167,25.47015,12.91698672,1.492694497,256.7000122,1.700000048,7.0
293.6793147,65.055925,25.47012,13.01698602,1.499385834,252.4400024,1.799999952,7.199999809
294.6793147,65.05592167,25.47009333,13.21698442,1.434016109,273.6199951,1.700000048,7.5
295.6793147,65.05592,25.47007333,13.6169829,1.344454408,265.2000122,1.600000024,7.300000191
296.6793147,65.05592,25.47005333,13.81698075,1.235333323,268.2200012,1.600000024,7.199999809
297.6793147,65.05591833,25.47002833,14.21697869,1.180258036,268.4599915,1.600000024,7.300000191
298.6793147,65.05591167,25.46999833,14.31697799,1.14474225,260.8599854,1.600000024,7.199999809
299.6793147,65.05590667,25.469965,14.5169763,1.174596071,253.1799927,1.600000024,7.400000095
300.6793147,65.05589833,25.46993,14.81697569,1.196729183,247.4900055,1.600000024,7.5
301.6793147,65.05589167,25.46987333,16.51697213,1.184375882,238.6600037,1.5,7.5
302.6793147,65.055885,25.469845,16.71697161,1.131359458,220.7400055,1.5,7.199999809
303.6793147,65.05587833,25.46982333,17.01697181,1.090696335,232.3600006,1.600000024,7.300000191
304.6793147,65.05587667,25.4698,17.21696993,1.078343034,245.3800049,1.5,7.099999905
305.6793147,65.05587,25.46977,17.31696923,1.11746192,233.4799957,1.600000024,7.199999809
306.6793147,65.055865,25.469735,17.51696737,1.216288567,237.7400055,1.600000024,7.400000095
307.6793147,65.05586167,25.46968667,17.41696343,1.324895024,253.5200043,1.700000048,7.199999809
308.6793147,65.05585833,25.46965167,17.61696093,1.337248325,248.8099976,1.700000048,7.199999809
309.6793147,65.05585333,25.46963167,17.71696068,1.275996447,228.3399963,1.700000048,7.199999809
310.6793147,65.05585167,25.46961333,17.81695934,1.186949492,235.7299957,1.700000048,7.099999905
311.6793147,65.05584833,25.46958667,17.91695774,1.147830606,255.6300049,1.600000024,7.300000191
312.6793147,65.055845,25.46955667,18.01695578,1.137536168,265.769989,1.600000024,7.300000191
313.6793147,65.05584,25.46952,18.21695373,1.216288567,265.6099854,1.600000024,7.400000095
314.6793147,65.055835,25.46948,18.51695133,1.304820776,255.3600006,1.600000024,7.300000191
315.6793147,65.05582833,25.46945333,18.316951,1.322321415,250.1199951,1.700000048,7.400000095
316.6793147,65.05582333,25.46942667,18.11695003,1.241510034,275.6199951,1.700000048,7.0
317.6793147,65.05582,25.4694,18.11694843,1.079887271,303.4500122,1.700000048,7.0
318.6793147,65.05581833,25.469375,18.31694637,1.012973309,292.3099976,1.600000024,7.400000095
319.6793147,65.05581667,25.46934,18.21694324,1.016061664,283.6400146,1.600000024,7.099999905
320.6793147,65.05581333,25.4693,17.8169402,1.062386632,275.5599976,1.700000048,7.300000191
321.6793147,65.05580833,25.469265,17.41693834,1.0999614,275.3099976,1.700000048,7.199999809
322.6793147,65.05580333,25.46922833,17.2169363,1.089152217,242.4199982,1.700000048,7.099999905
323.6793147,65.0558,25.46919167,17.21693362,1.058268905,264.3099976,1.600000024,7.300000191
324.6793147,65.055795,25.46915667,16.91693176,1.008340836,274.019989,1.700000048,7.400000095
325.6793147,65.05579167,25.46911833,16.91692891,1.016061664,276.4500122,1.700000048,7.199999809
326.6793147,65.05579167,25.46907833,16.7169246,1.102020264,276.7000122,1.700000048,7.300000191
327.6793147,65.05579,25.46903667,16.51692076,1.235848069,277.7600098,1.700000048,7.400000095
328.6793147,65.05579,25.46900333,16.51691717,1.30173254,280.769989,1.700000048,7.599999905
329.6793147,65.05579,25.46897167,16.71691377,1.329012752,269.1499939,1.700000048,7.400000095
330.6793147,65.05578833,25.46893833,16.81691082,1.339307189,274.1400146,1.700000048,7.599999905
331.6793147,65.05578833,25.46890667,17.01690741,1.333130598,272.1199951,1.700000048,7.199999809
332.6793147,65.05578833,25.46887167,17.11690365,1.374308348,271.6199951,1.700000048,7.199999809
333.6793147,65.05578667,25.468835,17.11690034,1.419603944,258.0299988,1.600000024,7.099999905
334.6793147,65.05578333,25.46880333,17.3168982,1.410853624,252.7299957,1.600000024,7.199999809
335.6793147,65.05577833,25.468775,17.41689706,1.425265789,260.3200073,1.700000048,7.199999809
336.6793147,65.05578,25.46873833,17.51689248,1.389750004,266.0700073,1.700000048,7.199999809
337.6793147,65.05578167,25.46870667,17.51688844,1.338277817,267.0100098,1.600000024,7.199999809
338.6793147,65.05578167,25.46867333,17.61688486,1.362984419,267.0100098,1.600000024,7.300000191
339.6793147,65.05578167,25.46864,17.71688128,1.392323613,267.8099976,1.600000024,7.099999905
340.6793147,65.05578167,25.46860333,17.81687733,1.395926714,275.6000061,1.600000024,7.400000095
341.6793147,65.05578333,25.46857167,18.01687329,1.425265789,276.2399902,1.600000024,7.300000191
342.6793147,65.05578667,25.46853333,18.2168679,1.4437958,294.7600098,1.600000024,7.5
343.6793147,65.05579,25.468505,18.21686359,1.397470832,289.9599915,1.700000048,7.400000095
344.6793147,65.05579333,25.46847667,18.31685927,1.445854664,281.8200073,1.700000048,7.599999905
345.6793147,65.05579333,25.46843667,18.71685497,1.429383636,285.4100037,1.700000048,7.5
346.6793147,65.055795,25.46840667,18.91685111,1.408794761,299.2799988,1.700000048,7.800000191
347.6793147,65.05579667,25.46836833,19.01684635,1.444310546,283.9700012,1.799999952,7.599999905
348.6803147,65.055795,25.46831667,19.11684143,1.489606142,282.2600098,1.799999952,7.699999809
349.6803147,65.05578667,25.46827,19.01683959,1.5210042,263.7399902,1.799999952,7.599999905
350.6803147,65.05578,25.468225,19.01683729,1.6069628,263.3900146,1.799999952,7.5
351.6803147,65.055775,25.468185,19.41683489,1.638875604,271.8800049,1.799999952,7.599999905
352.6803147,65.05577333,25.46815333,19.81683212,1.636816621,270.2399902,1.799999952,7.199999809
353.6803147,65.05577,25.46811667,20.21682945,1.67181778,262.980011,1.700000048,7.300000191
354.6803147,65.055765,25.468085,20.21682795,1.706304193,264.4400024,1.700000048,7.300000191
355.6803147,65.05576333,25.46804333,20.11682411,1.742334723,257.7000122,1.700000048,7.0
356.6803147,65.05576167,25.468005,20.51682062,1.790203929,267.5499878,1.799999952,7.300000191
357.6803147,65.05576,25.46796667,20.71681714,1.824175596,274.4100037,1.799999952,7.199999809
358.6803147,65.05576167,25.46792833,20.71681238,1.80255723,274.8099976,1.799999952,7.199999809
359.6803147,65.05576333,25.46789333,20.81680798,1.815940022,280.3200073,1.799999952,7.300000191
360.6803147,65.05576167,25.46785833,20.61680485,1.788144946,274.9200134,1.799999952,7.199999809
361.6803147,65.05576167,25.46782333,20.71680109,1.735128641,264.2900085,1.799999952,7.0
362.6803147,65.05576,25.46779833,21.01679904,1.694980264,266.5499878,1.799999952,7.300000191
363.6803147,65.05576,25.46777833,20.91679689,1.602844954,268.6300049,1.799999952,7.199999809
364.6803147,65.05576,25.467755,20.71679438,1.44997251,294.6499939,1.799999952,7.400000095
365.6803147,65.05575833,25.46772833,20.51679215,1.343939781,270.7600098,1.799999952,7.300000191
366.6803147,65.05576,25.4677,20.31678847,1.261584163,269.9400024,1.700000048,7.199999809
367.6803147,65.05576,25.46766833,20.21678506,1.167389989,269.3599854,1.600000024,7.099999905
368.6803147,65.05576,25.467635,19.91678148,1.105108619,267.8900146,1.600000024,7.0
369.6803147,65.05575833,25.4676,19.71677835,1.03150332,269.2600098,1.600000024,6.900000095
370.6803147,65.05576,25.46755833,19.51677324,0.9856930375,276.8200073,1.700000048,7.099999905
371.6803147,65.05576,25.467515,19.31676858,0.9527508616,268.7900085,1.700000048,6.900000095
372.6803147,65.05576333,25.46748,19.51676354,0.959956944,273.4299927,1.700000048,7.099999905
373.6803147,65.05576667,25.46743833,19.21675779,1.001134753,286.6099854,1.700000048,6.900000095
374.6803147,65.05576667,25.46739333,19.11675295,1.127756357,279.6799927,1.700000048,6.900000095
375.6803147,65.05576833,25.46733667,18.81674622,1.280114174,281.7600098,1.700000048,7.099999905
376.6803147,65.05577,25.46728667,18.61674021,1.364528656,284.0599976,1.799999952,7.300000191
377.6803147,65.05576833,25.46724,18.31673583,1.434530854,282.2399902,1.799999952,7.199999809
378.6803147,65.05576667,25.46719833,18.01673199,1.514312744,274.6000061,1.799999952,7.400000095
379.6803147,65.055765,25.46716667,18.01672922,1.55960834,267.8900146,1.799999952,7.400000095
380.6803147,65.05576333,25.46713167,18.21672609,1.620860219,263.1600037,1.700000048,7.300000191
381.6803147,65.05576167,25.46709833,18.41672315,1.656890869,265.2399902,1.700000048,7.300000191
382.6803147,65.05575667,25.46706333,18.61672129,1.630125284,244.5599976,1.799999952,7.199999809
383.6803147,65.05575667,25.467035,18.71671825,1.616742492,270.2600098,1.700000048,7.099999905
384.6803147,65.055755,25.46700333,18.41671548,1.540048838,250.5399933,1.700000048,7.199999809
385.6803147,65.055755,25.46697,18.2167119,1.453060865,277.6300049,1.700000048,7.099999905
386.6803147,65.05575667,25.46693167,18.21670714,1.406221151,271.9899902,1.700000048,7.300000191
387.6803147,65.05575667,25.46688667,18.0167023,1.385117531,267.7600098,1.700000048,7.099999905
388.6803147,65.055755,25.46683667,17.71669756,1.371219993,265.4899902,1.600000024,7.300000191
389.6803147,65.05575333,25.46679,17.31669318,1.361440301,263.9100037,1.600000024,7.300000191
390.6803147,65.05575,25.46675,17.01669016,1.318718314,265.9200134,1.600000024,7.300000191
391.6803147,65.05574667,25.46671667,16.91668785,1.36401391,267.3800049,1.700000048,7.199999809
392.6803147,65.05574333,25.46666833,16.51668393,1.478282213,267.4100037,1.700000048,7.300000191
393.6803147,65.05574167,25.46662167,16.51667955,1.567843914,274.0,1.700000048,7.300000191
394.6803147,65.05574,25.46658333,16.51667607,1.647625804,267.2200012,1.700000048,7.400000095
395.6803147,65.05573833,25.46654833,16.61667294,1.672847271,269.730011,1.700000048,7.300000191
396.6803147,65.05573833,25.46651333,16.81666918,1.717628002,272.3099976,1.700000048,7.300000191
397.6803147,65.05574,25.46647667,16.6166646,1.72534883,288.0899963,1.700000048,7.199999809
398.6803147,65.05574333,25.46644667,16.8166601,1.713510275,284.1099854,1.700000048,7.199999809
399.6803147,65.05574833,25.466415,16.91665478,1.638875604,280.8699951,1.600000024,7.099999905
400.6803147,65.05574833,25.46639167,17.11665228,1.588947535,262.4899902,1.600000024,6.900000095
401.6803147,65.055745,25.46635667,16.91664979,1.545196056,253.3399963,1.600000024,6.599999905
402.6803147,65.05574167,25.46632,17.21664712,1.4437958,250.6900024,1.600000024,6.699999809
403.6803147,65.05574,25.46628333,17.11664382,1.338277817,257.2399902,1.600000024,6.599999905
404.6803147,65.05573833,25.46625,17.11664087,1.333645225,255.0299988,1.600000024,6.800000191
405.6803147,65.05573667,25.466205,17.21663668,1.378940821,262.6300049,1.600000024,6.599999905
406.6803147,65.055735,25.46616,17.21663248,1.406735778,264.4100037,1.700000048,6.699999809
407.6803147,65.05573167,25.46611667,17.21662909,1.427839398,265.8099976,1.600000024,6.900000095
408.6803147,65.05573167,25.46606667,18.01662372,1.413941979,271.5700073,1.5,6.800000191
409.6803147,65.05573167,25.46603833,17.71662068,1.481885314,271.019989,1.600000024,6.900000095
410.6803147,65.05573167,25.466005,17.61661709,1.495268106,298.1099854,1.700000048,6.900000095
411.6803147,65.055735,25.46597167,18.01661223,1.465928912,270.2200012,1.600000024,6.599999905
412.6803147,65.055735,25.46594333,18.01660919,1.471590877,277.019989,1.600000024,6.599999905
413.6803147,65.05573667,25.46592,18.21660604,1.51482749,283.3299866,1.600000024,6.699999809
414.6803147,65.05573833,25.46588333,18.21660146,1.516886353,281.0100098,1.700000048,7.300000191
415.6803147,65.05574333,25.46583333,18.41659417,1.553946376,276.6000061,1.600000024,7.0
416.6803147,65.05574333,25.46578167,18.51658862,1.58328557,272.9899902,1.600000024,7.199999809
417.6803147,65.055745,25.465745,18.41658404,1.532842755,260.1099854,1.700000048,7.099999905
418.6803147,65.05574167,25.46572,18.21658263,1.519459963,261.7600098,1.600000024,7.199999809
419.6803147,65.05574,25.46568667,18.01657968,1.527695537,273.1300049,1.600000024,7.199999809
420.6803147,65.05574167,25.46565167,18.11657528,1.556519985,275.3500061,1.700000048,7.300000191
421.6803147,65.05574167,25.46561667,18.11657152,1.596153617,283.7999878,1.700000048,7.400000095
422.6803147,65.055745,25.465585,18.61656684,1.589976907,284.2200012,1.700000048,7.5
423.6803147,65.055745,25.46556,19.01656415,1.49115026,287.9400024,1.600000024,7.5
424.6803147,65.055745,25.46553333,18.91656128,1.397985578,296.0899963,1.600000024,7.400000095
425.6803147,65.05574667,25.46549833,19.01655688,1.251289725,293.5400085,1.600000024,7.099999905
426.6803147,65.05574833,25.46546667,19.01655284,1.127756357,290.3699951,1.5,7.099999905
427.6803147,65.05574667,25.46542167,18.81654864,1.180772781,276.1000061,1.600000024,7.099999905
428.6803147,65.055745,25.46537167,18.61654391,1.231215596,277.2000122,1.600000024,6.900000095
429.6803147,65.05574333,25.46532833,18.41653989,1.272908092,272.2900085,1.700000048,7.400000095
430.6803147,65.05574,25.46529,18.31653705,1.312541723,278.0400085,1.700000048,7.199999809
431.6803147,65.05573833,25.46525667,18.4165341,1.345483899,276.6099854,1.700000048,7.199999809
432.6803147,65.05574,25.465225,18.31653006,1.400559187,284.8999939,1.700000048,7.300000191
433.6803147,65.05574167,25.46519,18.51652566,1.509680271,289.480011,1.700000048,7.400000095
434.6803147,65.05573833,25.46515833,18.51652353,1.546740294,282.730011,1.700000048,7.099999905
435.6803147,65.055735,25.46512167,18.11652087,1.567843914,270.7600098,1.600000024,7.199999809
436.6803147,65.05573,25.46508,17.71651831,1.613654137,268.4899902,1.600000024,7.099999905
437.6803147,65.05573,25.46503833,17.71651383,1.571961641,274.6499939,1.600000024,6.900000095
438.6803147,65.05572833,25.46500167,17.41651053,1.527180791,267.0599976,1.600000024,7.0
439.6803147,65.05572667,25.46496333,17.41650705,1.449457765,269.2999878,1.600000024,7.0
440.6803147,65.05572833,25.46493,17.31650283,1.40519166,263.2999878,1.600000024,7.0
441.6803147,65.05572833,25.46489833,17.01649942,1.336218834,248.0200043,1.600000024,7.199999809
442.6803147,65.05573,25.46486833,17.01649556,1.252833843,231.2700043,1.600000024,7.0
443.6803147,65.055735,25.46485333,16.81649203,1.186949492,293.7999878,1.600000024,7.199999809
444.6803147,65.05574167,25.464825,16.81648642,1.153492451,297.0499878,1.600000024,7.199999809
445.6803147,65.05574667,25.464795,16.41648128,1.120550275,309.019989,1.600000024,7.0
446.6803147,65.05575167,25.46476167,16.01647577,1.100476146,295.3800049,1.600000024,7.300000191
447.6803147,65.05575167,25.46472667,15.21647201,1.073710561,289.2799988,1.600000024,7.199999809
448.6803147,65.05575,25.46469167,14.81646889,1.049518585,273.8800049,1.600000024,7.300000191
449.6803147,65.05575,25.464655,14.31646495,1.084519744,273.0499878,1.700000048,7.199999809
450.6803147,65.05575,25.46461167,13.71646029,1.108196974,276.5799866,1.700000048,7.400000095
451.6803147,65.05575333,25.46457,13.31645453,1.184375882,273.4299927,1.700000048,7.5
452.6803147,65.055755,25.46453167,13.21644977,1.268790245,283.7200012,1.700000048,7.699999809
453.6803147,65.05576167,25.46450167,13.11644398,1.331071615,293.3900146,1.799999952,7.400000095
454.6803147,65.05576667,25.46446833,12.61643848,1.433501363,288.6300049,1.799999952,7.5
455.6803147,65.05577167,25.46443,12.51643243,1.569388032,283.2799988,1.799999952,7.699999809
456.6803147,65.05577833,25.46439333,12.31642593,1.652258277,289.2600098,1.799999952,7.900000095
457.6803147,65.05579,25.46436167,12.21641804,1.73409915,301.980011,1.799999952,8.100000381
458.6803147,65.05579833,25.464325,12.41641089,1.773218036,310.0700073,1.799999952,7.699999809
459.6803147,65.05580667,25.46429333,12.81640429,1.782483101,303.8399963,1.799999952,7.699999809
460.6803147,65.055815,25.46426667,13.21639821,1.793806911,309.8399963,1.700000048,7.599999905
461.6803147,65.05582167,25.46423833,13.6163926,1.773218036,300.480011,1.700000048,7.599999905
462.6803147,65.05583,25.46420833,14.11638617,1.724319458,292.3699951,1.700000048,7.5
463.6803147,65.05583333,25.464175,14.4163813,1.720716357,279.6300049,1.600000024,7.400000095
464.6803147,65.055835,25.46414167,14.61637708,1.687774181,281.2099915,1.600000024,7.400000095
465.6803147,65.05583833,25.46411,14.51637239,1.592550516,291.3500061,1.600000024,7.400000095
466.6803147,65.05584667,25.464075,14.61636542,1.537989974,305.3800049,1.600000024,7.400000095
467.6803147,65.055855,25.464035,14.41635791,1.505562544,285.25,1.600000024,7.800000191
468.6803147,65.05586167,25.464,14.41635158,1.476738095,292.4400024,1.700000048,7.800000191
469.6803147,65.05587,25.46396667,14.51634479,1.501444697,294.8500061,1.700000048,8.100000381
470.6803147,65.05587667,25.46393,14.31633828,1.551887512,301.8200073,1.700000048,8.300000191
471.6803147,65.05589167,25.46389167,14.31632838,1.623948574,307.9100037,1.600000024,8.5
472.6803147,65.055905,25.46386333,14.4163202,1.712995529,312.519989,1.600000024,7.599999905
473.6803147,65.05591667,25.463835,14.21631266,1.752114415,314.519989,1.5,7.800000191
474.6803147,65.05592667,25.463815,14.01630666,1.768070817,308.0100098,1.600000024,7.599999905
475.6803147,65.055935,25.46379,13.91630076,1.805645585,305.6499939,1.600000024,7.599999905
476.6803147,65.05594333,25.46376333,13.81629469,1.810792804,306.0899963,1.600000024,7.599999905
477.6803147,65.05595,25.463735,13.61628907,1.804616094,294.25,1.600000024,7.599999905
478.6803147,65.05595667,25.46371,13.51628381,1.81748414,294.3399963,1.600000024,7.900000095
479.6803147,65.05596333,25.46367667,13.41627766,1.773732781,302.7900085,1.600000024,7.800000191
480.6803147,65.05597,25.46365,13.11627222,1.689318299,306.3699951,1.700000048,7.900000095
481.6803147,65.05597667,25.46361833,13.11626624,1.6069628,301.8399963,1.700000048,7.900000095
482.6803147,65.055985,25.46358833,13.3162598,1.509165525,296.8399963,1.700000048,7.699999809
483.6803147,65.055995,25.46355667,13.41625254,1.50607717,299.5299988,1.700000048,7.699999809
484.6803147,65.05600333,25.46352167,13.21624556,1.580197215,293.2600098,1.700000048,7.900000095
485.6803147,65.05600833,25.46348333,12.91623951,1.602330327,296.9299927,1.700000048,8.0
486.6803147,65.056015,25.46344167,12.81623245,1.680568099,300.3299866,1.700000048,8.0
487.6803147,65.056025,25.46340333,12.71622447,1.783512473,294.8900146,1.799999952,8.0
488.6803147,65.05603167,25.46336667,12.81621795,1.86741221,293.8200073,1.799999952,8.100000381
489.6803147,65.05604,25.46333167,13.01621097,1.907045841,292.269989,1.799999952,7.900000095
490.6803147,65.05604333,25.46330333,13.01620663,1.920428634,300.5700073,1.700000048,7.699999809
491.6803147,65.05605,25.46327167,13.01620065,1.91836977,302.519989,1.700000048,7.599999905
492.6803147,65.05605333,25.46324,12.91619596,1.968812466,283.0,1.600000024,7.400000095
493.6803147,65.056055,25.46320667,13.01619172,1.93329668,273.8999939,1.600000024,7.400000095
494.6803147,65.056055,25.46317667,13.21618849,1.850941062,269.519989,1.600000024,7.300000191
495.6803147,65.05605667,25.46314167,13.11618408,1.849396944,279.0799866,1.600000024,7.5
496.6803147,65.05605833,25.46311333,13.11618038,1.771159172,274.1499939,1.700000048,7.199999809
497.6803147,65.05605833,25.46308167,13.21617697,1.648655295,275.3999939,1.600000024,7.400000095
498.6803147,65.05605667,25.46304167,13.6161733,1.55960834,259.3800049,1.600000024,7.199999809
499.6803147,65.05605167,25.46300833,13.51617164,1.553946376,263.1300049,1.600000024,7.099999905
500.6803147,65.05605,25.46297,13.31616815,1.605933309,262.7399902,1.600000024,7.199999809
501.6803147,65.05604833,25.462925,13.41616394,1.651228905,265.6199951,1.600000024,7.0
502.6803147,65.056045,25.46288833,13.31616128,1.604903936,248.6699982,1.700000048,7.199999809
503.6803147,65.05604333,25.46287167,13.41616012,1.53850472,233.3099976,1.700000048,7.099999905
504.6803147,65.05603833,25.46284333,12.916159,1.509165525,259.2999878,1.600000024,7.199999809
505.6803147,65.05603667,25.46280333,12.21615533,1.480855823,262.5599976,1.600000024,7.099999905
506.6803147,65.05603333,25.46276,12.31615195,1.490120888,263.4599915,1.5,7.0
507.6803147,65.05602833,25.46271333,12.91614885,1.53850472,260.6300049,1.600000024,6.800000191
508.6803147,65.05602333,25.46266667,13.01614575,1.596153617,255.8699951,1.600000024,7.099999905
509.6803147,65.05601667,25.46263167,12.71614455,1.570417523,247.5899963,1.600000024,7.0
510.6803147,65.05601167,25.46259833,12.71614289,1.516371608,248.3099976,1.600000024,7.099999905
511.6803147,65.05600833,25.46256833,12.61614094,1.474164486,245.7799988,1.600000024,6.699999809
512.6803147,65.056005,25.46253833,12.716139,1.495782733,257.4299927,1.600000024,6.900000095
513.6803147,65.056005,25.46250667,12.71613559,1.55960834,257.2799988,1.600000024,6.800000191
514.6803147,65.05600333,25.46247,12.81613228,1.618801355,255.0,1.600000024,6.900000095
515.6803147,65.05600167,25.462435,12.81612916,1.658949733,252.8399963,1.700000048,7.0
516.6803147,65.05599833,25.46240333,12.81612703,1.654831886,255.4900055,1.600000024,7.0
517.6803147,65.055995,25.462365,13.01612419,1.615198374,258.0100098,1.700000048,7.099999905
518.6803147,65.05599167,25.46233167,13.21612189,1.54468143,258.9599915,1.600000024,6.900000095
519.6803147,65.05598833,25.4623,13.31611976,1.530783892,264.769989,1.600000024,6.800000191
520.6803147,65.05598167,25.46226667,13.31611875,1.50865078,249.8200073,1.600000024,7.0
521.6803147,65.05597667,25.46223667,13.21611745,1.471590877,247.6100006,1.600000024,6.800000191
522.6803147,65.05596833,25.46220333,13.41611708,1.4350456,236.1799927,1.700000048,6.800000191
523.6803147,65.05596167,25.462175,13.5161166,1.384602785,252.4499969,1.700000048,6.800000191
524.6803147,65.05595833,25.46214833,13.41611502,1.310997486,281.480011,1.600000024,6.599999905
525.6803147,65.055955,25.46212167,13.11611343,1.204450011,252.4100037,1.600000024,6.800000191
526.6803147,65.05595333,25.46209333,12.61611102,1.178199172,260.6799927,1.5,6.699999809
527.6803147,65.05595167,25.46206,12.31610808,1.209082484,264.9500122,1.5,6.800000191
528.6803147,65.05595,25.46202167,12.1161046,1.251289725,259.1600037,1.600000024,6.900000095
529.6803147,65.05594667,25.46198333,11.91610176,1.26570189,255.4499969,1.600000024,7.099999905
530.6803147,65.055945,25.46194667,11.91609845,1.250260234,257.75,1.600000024,6.900000095
531.6803147,65.055945,25.46191,12.0160945,1.294526339,267.9899902,1.600000024,7.0
532.6803147,65.05594333,25.46186667,12.31609048,1.383573294,267.6300049,1.600000024,7.0
533.6803147,65.05594333,25.46182167,12.71608564,1.486517787,265.6400146,1.600000024,7.0
534.6803147,65.055945,25.46177167,12.91607961,1.584829688,268.5899963,1.700000048,7.099999905
535.6803147,65.05594833,25.46172167,13.01607294,1.725863576,274.3299866,1.700000048,7.199999809
536.6803147,65.05594667,25.46167833,13.01606892,1.795865774,270.7200012,1.700000048,7.400000095
537.6803147,65.05594833,25.46163667,13.11606379,1.833440542,257.1199951,1.700000048,7.300000191
538.6803147,65.05595,25.461605,13.41605973,1.845279217,259.3099976,1.600000024,7.0
539.6803147,65.05594833,25.46157,13.31605661,1.877191901,264.8399963,1.600000024,7.199999809
540.6803147,65.05595,25.46153167,12.91605184,1.92711997,274.1499939,1.700000048,7.400000095
541.6803147,65.05595333,25.46149833,12.71604696,1.924031615,283.4400024,1.600000024,7.400000095
542.6803147,65.05595667,25.46146833,12.41604244,1.84991169,292.4299927,1.700000048,7.300000191
543.6803147,65.05595667,25.46143833,12.21603921,1.829322815,282.0700073,1.700000048,7.5
544.6803147,65.055955,25.461405,12.01603627,1.813366413,268.6199951,1.700000048,7.5
545.6803147,65.05595333,25.46137,12.01603314,1.759320498,269.980011,1.700000048,7.5
546.6803147,65.05594833,25.46132833,11.91603059,1.752629161,267.75,1.700000048,7.400000095
547.6803147,65.05594167,25.461285,11.7160285,1.715054393,256.1799927,1.700000048,7.300000191
548.6803147,65.055935,25.461245,11.71602678,1.700642228,259.2600098,1.700000048,7.199999809
549.6803147,65.05593,25.46121,11.51602494,1.672332525,259.9500122,1.700000048,7.400000095
550.6803147,65.055925,25.46118167,11.21602383,1.656376123,254.0800018,1.700000048,7.099999905
551.6803147,65.05592167,25.461155,11.31602225,1.644022822,259.0299988,1.700000048,7.199999809
552.6803147,65.05591833,25.46112667,11.31602049,1.694465518,263.4599915,1.700000048,7.199999809
553.6803147,65.05591667,25.46109833,11.51601809,1.658434987,257.3399963,1.700000048,7.300000191
554.6803147,65.05591333,25.46105833,12.01601507,1.618801355,246.6799927,1.600000024,7.099999905
555.6803147,65.05590667,25.46102167,12.41601371,1.606448054,247.7299957,1.600000024,7.400000095
556.6803147,65.05590167,25.46098833,12.81601205,1.577623606,249.2799988,1.600000024,7.300000191
557.6803147,65.05589833,25.460955,13.01600976,1.588947535,254.8399963,1.600000024,7.699999809
558.6803147,65.0559,25.46092333,13.1160057,1.598727226,262.0499878,1.700000048,7.599999905
559.6803147,65.05590167,25.46089,13.01600147,1.642478585,272.0400085,1.700000048,7.699999809
560.6803147,65.05590667,25.46085167,13.21599541,1.658949733,277.5499878,1.700000048,7.699999809
561.6803147,65.05591,25.460815,13.41599017,1.692406654,279.8900146,1.700000048,7.900000095
562.6803147,65.055915,25.46077833,13.61598429,1.652773023,278.4200134,1.700000048,7.300000191
563.6803147,65.055915,25.46074,13.61598016,1.665641069,273.8699951,1.700000048,7.300000191
564.6803147,65.05591833,25.46070333,13.61597492,1.674906135,277.1099854,1.600000024,7.300000191
565.6803147,65.05592,25.460665,13.21597015,1.679538608,277.9700012,1.600000024,7.199999809
566.6803147,65.05592167,25.46062333,13.11596502,1.705789447,283.6300049,1.600000024,7.400000095
567.6803147,65.05592167,25.46057667,12.71596,1.731010795,285.6700134,1.5,7.099999905
568.6803147,65.05592667,25.46053833,12.21595393,1.746967196,295.5499878,1.600000024,6.900000095
569.6803147,65.05593,25.46050333,11.81594887,1.758291125,283.230011,1.600000024,7.199999809
570.6803147,65.05593167,25.46046667,11.61594428,1.784541965,276.1199951,1.600000024,7.199999809
571.6803147,65.05593167,25.46043,11.71594033,1.806160331,276.3099976,1.700000048,7.599999905
572.6803147,65.05593667,25.46039333,12.01593444,1.867926955,280.1799927,1.700000048,7.400000095
573.6803147,65.05594167,25.46036167,12.2159291,1.891604185,287.9400024,1.600000024,7.800000191
574.6803147,65.05595,25.460335,12.51592299,1.877706647,296.6799927,1.600000024,7.099999905
575.6803147,65.05595667,25.46030667,12.61591736,1.886971712,289.5799866,1.600000024,7.099999905
576.6803147,65.05596333,25.46027333,12.41591118,1.854544163,303.230011,1.600000024,7.400000095
577.6803147,65.05597333,25.46024167,12.01590389,1.844764471,306.0,1.600000024,7.400000095
578.6803147,65.055985,25.46020667,11.9158956,1.858147264,302.3099976,1.700000048,7.5
579.6803147,65.05599333,25.46017333,11.41588878,1.83241117,295.9200134,1.700000048,7.699999809
580.6803147,65.05599833,25.46013833,11.01588307,1.84116137,287.0400085,1.700000048,7.599999905
581.6803147,65.05599667,25.46010167,10.51587976,1.80255723,286.8500061,1.700000048,7.5
582.6803147,65.05599667,25.46007,10.11587635,1.745423079,278.6799927,1.600000024,7.5
583.6803147,65.05599667,25.46004667,9.81587384,1.701156974,271.7799988,1.600000024,7.599999905
584.6803147,65.056,25.46002,9.615869674,1.697039127,287.5400085,1.600000024,7.599999905
585.6803147,65.05600167,25.45998833,9.515865617,1.687774181,286.6799927,1.600000024,7.400000095
586.6803147,65.05600667,25.45995,9.515859547,1.72534883,284.8399963,1.600000024,7.400000095
587.6803147,65.05601,25.45991,9.915853944,1.70167172,281.9400024,1.600000024,7.400000095
588.6803147,65.056015,25.45986667,10.21584734,1.664096951,280.5700073,1.600000024,7.300000191
589.6803147,65.05601833,25.45983333,10.41584245,1.605418563,284.9400024,1.600000024,7.099999905
590.6803147,65.05602333,25.45980167,10.8158371,1.533357501,290.5400085,1.600000024,7.199999809
591.6803147,65.056025,25.45976833,11.01583286,1.508136153,279.8800049,1.600000024,7.199999809
592.6803147,65.05603,25.45973833,11.21582769,1.512253881,286.9700012,1.600000024,7.400000095
593.6803147,65.05603333,25.45970333,11.11582262,1.556519985,280.5799866,1.600000024,7.099999905
594.6803147,65.05603833,25.45966667,11.01581673,1.608506918,282.2000122,1.600000024,7.0
595.6803147,65.05604333,25.45962833,10.71581066,1.679023862,287.0,1.700000048,7.400000095
596.6803147,65.05605,25.45958833,10.71580376,1.713510275,290.7000122,1.700000048,7.300000191
597.6813147,65.05605667,25.45954833,10.91579686,1.727922559,286.9700012,1.700000048,7.5
598.6813147,65.05605667,25.45951833,10.91579362,1.724834204,274.5599976,1.700000048,7.5
599.6813147,65.05605833,25.45949167,11.0157901,1.717113376,278.4700012,1.700000048,7.699999809
600.6813147,65.05606,25.45946167,10.91578622,1.695495009,282.1600037,1.700000048,7.900000095
601.6813147,65.05606167,25.45943833,10.71578306,1.655346632,278.5100098,1.700000048,8.0
602.6813147,65.05606333,25.45940833,11.01577918,1.587403297,275.9299927,1.600000024,8.0
603.6813147,65.056065,25.45938667,10.8157762,1.495782733,272.9200134,1.600000024,8.100000381
604.6813147,65.05606667,25.45936333,10.71577304,1.403132796,265.7099915,1.600000024,8.0
605.6813147,65.05606833,25.45933667,10.51576951,1.287320256,266.8699951,1.600000024,8.399999619
606.6813147,65.05606833,25.45931,10.31576664,1.173051953,281.1000061,1.799999952,9.0
607.6813147,65.05606833,25.45928,10.21576341,1.110770583,275.8500061,1.899999976,9.5
608.6813147,65.05606833,25.45924667,10.21575981,1.075254679,279.3800049,2.0,10.10000038
609.6813147,65.05606833,25.45921333,10.21575622,1.072681069,283.1499939,2.099999905,10.69999981
610.6813147,65.05606333,25.459195,10.41575619,1.064445615,262.0899963,2.299999952,11.30000019
611.6813147,65.056055,25.45916333,10.61575602,1.126726985,248.4199982,2.5,11.80000019
612.6813147,65.05604667,25.45911667,12.51575423,1.303791404,243.7799988,2.599999905,12.0
613.6813147,65.05604333,25.459065,12.71574996,1.447398901,256.25,2.900000095,12.30000019
614.6813147,65.05604833,25.45902,12.91574316,1.560637832,264.8999939,3.200000048,11.10000038
615.6813147,65.056035,25.458965,12.91574242,1.700642228,255.4199982,3.5,11.5
616.6813147,65.05603,25.458905,13.1157379,1.860720873,258.4700012,3.900000095,12.19999981
617.6813147,65.05596667,25.45884167,12.21575572,2.063521385,240.2299957,3.900000095,12.5
618.6813147,65.05593167,25.45879333,12.51576414,2.282793045,234.25,4.099999905,11.89999962
619.6813147,65.05592833,25.45873,12.51575862,2.505152941,241.0200043,4.300000191,11.89999962
620.6813147,65.05591667,25.45874333,12.91576459,0.0,241.0200043,4.300000191,11.60000038
621.6813147,65.055915,25.45869833,13.0157604,0.0,241.0200043,4.5,12.5
622.6813147,65.05591833,25.458675,13.31575659,0.0,241.0200043,4.599999905,12.69999981
623.6813147,65.05594,25.45868167,13.51574887,2.524197817,294.8999939,4.5,12.60000038
624.6813147,65.05594333,25.45870833,14.21575045,2.417650223,275.9899902,3.799999952,11.39999962
625.6813147,65.05602833,25.45871667,17.81571826,2.282793045,309.269989,3.200000048,11.19999981
626.6813147,65.05604167,25.45872833,17.11571433,2.108302116,263.4400024,2.900000095,10.0
627.6813147,65.056055,25.458665,15.51570232,1.965209484,259.5400085,2.799999952,8.800000191
628.6813147,65.05606,25.45859333,15.41569265,1.840131998,275.2600098,2.799999952,9.300000191
629.6813147,65.056075,25.458515,14.61567837,1.70784831,282.7799988,2.599999905,8.399999619
630.6813147,65.05609167,25.45838333,15.41565769,1.670788288,282.7200012,2.400000095,8.800000191
631.6813147,65.05609167,25.45831,15.61564978,1.535416365,291.4700012,2.099999905,7.699999809
632.6813147,65.05609167,25.45826333,15.21564475,1.494238615,281.2999878,1.899999976,7.599999905
633.6813147,65.05609167,25.45820167,15.5156381,1.457693338,303.8200073,1.799999952,7.599999905
634.6813147,65.05609,25.458175,14.91563588,1.427324772,283.8399963,1.799999952,7.400000095
635.6813147,65.05608667,25.45811333,15.11563053,1.407765269,274.7600098,1.700000048,7.5
636.6813147,65.05608833,25.45807333,15.31562557,1.384602785,282.75,1.600000024,7.599999905
637.6813147,65.05608667,25.45804,15.21562263,1.27805531,273.8399963,1.600000024,6.699999809
638.6813147,65.05607833,25.45800667,15.11562228,1.150404215,259.480011,1.600000024,6.800000191
639.6813147,65.05606833,25.45797833,15.01562313,1.043856621,245.2299957,1.5,6.800000191
640.6813147,65.05605333,25.45794667,15.01562556,0.9913550019,231.9900055,1.600000024,6.699999809
641.6813147,65.05603667,25.45792167,15.21562936,1.059298277,229.0099945,1.600000024,6.800000191
642.6813147,65.05602333,25.45789667,15.21563187,1.016576409,248.2599945,1.600000024,6.599999905
643.6813147,65.05601333,25.45789,15.31563505,1.035106421,191.6199951,1.5,6.699999809
644.6813147,65.056,25.457885,15.31563971,1.05260694,193.1600037,1.600000024,6.699999809
645.6813147,65.05598833,25.45788667,15.21564444,1.041797757,203.6300049,1.600000024,6.800000191
646.6813147,65.055975,25.45788167,15.0156491,1.05878365,174.7200012,1.600000024,7.099999905
647.6813147,65.055965,25.45787833,14.91565264,1.058268905,171.6199951,1.600000024,7.099999905
648.6813147,65.05595833,25.45787833,14.71565524,1.03150332,174.8099976,1.700000048,7.400000095
649.6813147,65.05595333,25.45787833,14.81565719,0.9954727888,172.2599945,1.799999952,8.0
650.6813147,65.05594667,25.457875,14.81565943,0.9378238916,177.5899963,1.899999976,8.600000381
651.6813147,65.05593833,25.45787,14.91566214,0.862159729,195.2299957,2.099999905,9.100000381
652.6813147,65.05592833,25.45786167,14.91566514,0.0,195.2299957,2.299999952,9.5
653.6813147,65.05591667,25.45784833,14.91566825,0.0,195.2299957,2.5,9.899999619
654.6813147,65.05589833,25.45784667,14.91567522,0.0,195.2299957,2.5,10.10000038
655.6813147,65.05588167,25.45783,14.71567993,0.0,195.2299957,2.599999905,10.0
656.6813147,65.05587667,25.45783667,14.71568259,0.0,195.2299957,2.700000048,10.10000038
657.6813147,65.05587667,25.457815,14.61568026,0.0,195.2299957,2.799999952,10.19999981
658.6813147,65.05587167,25.45782,14.61568275,0.0,195.2299957,2.900000095,10.19999981
659.6813147,65.05585167,25.45785333,14.51569413,0.0,195.2299957,2.799999952,9.800000191
660.6813147,65.055825,25.45788833,13.3157083,0.0,195.2299957,2.599999905,9.5
661.6813147,65.05581,25.45791,12.81571648,0.0,195.2299957,2.5,9.199999809
662.6813147,65.05580333,25.45783,11.31571047,0.8930430412,11.51000023,2.400000095,8.600000381
663.6813147,65.05579833,25.45781833,10.81571117,0.7777453065,273.4400024,2.400000095,8.399999619
664.6813147,65.05578333,25.45782833,10.41571809,0.6701683402,194.7100067,2.400000095,8.5
665.6813147,65.05574667,25.45786667,8.815736508,0.6130341887,183.4900055,2.0,7.400000095
666.6813147,65.05572,25.45788833,8.615749234,0.6418586373,172.4600067,1.799999952,7.300000191
667.6813147,65.055695,25.457895,8.515759698,0.6758303046,181.5,1.700000048,7.599999905
668.6813147,65.05566333,25.45790333,8.715772939,0.7164933085,176.2599945,1.700000048,7.5
669.6813147,65.05563667,25.45791667,9.015784767,0.7520091534,167.2899933,1.700000048,7.699999809
670.6813147,65.05561,25.45794,9.315797669,0.8297322392,157.8200073,1.600000024,7.800000191
671.6813147,65.05558167,25.45794833,9.915809609,0.9867225289,165.8300018,1.600000024,7.900000095
672.6813147,65.05556167,25.45795667,10.0158183,1.137021422,169.4799957,1.5,7.400000095
673.6813147,65.05553833,25.45795833,10.11582757,1.309453368,164.2400055,1.600000024,7.5
674.6813147,65.05551833,25.45796667,10.91583627,1.401588559,157.7700043,1.600000024,7.599999905
675.6813147,65.05550333,25.45797333,11.81584283,1.459752202,165.3200073,1.600000024,7.699999809
676.6813147,65.05548833,25.45797667,12.31584903,1.46747303,156.8200073,1.600000024,7.5
677.6813147,65.05547667,25.45798333,13.0158543,1.470561385,160.7400055,1.600000024,7.599999905
678.6813147,65.05546,25.45799333,13.51586186,1.522033572,151.0500031,1.600000024,7.900000095
679.6813147,65.055445,25.45801333,14.01586986,1.530783892,146.8200073,1.600000024,8.0
680.6813147,65.05543167,25.45803167,14.11587702,1.479311705,150.1499939,1.600000024,8.100000381
681.6813147,65.05541833,25.45804833,14.415884,1.452031374,159.7299957,1.700000048,8.0
682.6813147,65.055405,25.45806667,15.01589116,1.395926714,156.0500031,1.700000048,8.199999809
683.6813147,65.05539667,25.458085,15.41589638,1.313571095,153.25,1.700000048,7.699999809
684.6813147,65.055385,25.4581,15.21590253,1.311512232,150.1999969,1.700000048,7.800000191
685.6813147,65.05537333,25.45812,15.21590922,1.346513391,154.6699982,1.700000048,7.699999809
686.6813147,65.05536,25.45814167,15.01591674,1.408794761,157.3500061,1.700000048,7.800000191
687.6813147,65.05535,25.45815833,15.01592242,1.425265789,155.3200073,1.700000048,7.800000191
688.6813147,65.05533833,25.45817333,15.01592858,1.380999684,159.0599976,1.600000024,7.300000191
689.6813147,65.05532833,25.45818833,14.81593408,1.377396703,160.5700073,1.600000024,7.400000095
690.6813147,65.05531833,25.458195,14.61593869,1.378426075,143.8899994,1.600000024,7.300000191
691.6813147,65.05531,25.45821167,14.41594372,1.346513391,148.7899933,1.600000024,7.300000191
692.6813147,65.05529833,25.45823,14.31595023,1.383573294,153.3699951,1.600000024,7.300000191
693.6813147,65.055285,25.45824667,14.21595721,1.418574452,141.9499969,1.600000024,7.199999809
694.6813147,65.05527333,25.45826167,14.21596336,1.436074972,159.2799988,1.600000024,7.300000191
695.6813147,65.05526167,25.45827167,14.21596898,1.396956086,164.5700073,1.600000024,7.400000095
696.6813147,65.05525333,25.45828333,14.41597347,1.344969153,170.9700012,1.600000024,7.5
697.6813147,65.055245,25.45829833,14.31597833,1.308938622,161.9600067,1.600000024,7.099999905
698.6813147,65.05523167,25.45831,14.01598477,1.333645225,170.8999939,1.600000024,7.099999905
699.6813147,65.05521667,25.45832167,13.91599186,1.323350787,169.2100067,1.600000024,7.099999905
700.6813147,65.05520333,25.45833333,13.6159983,1.338277817,173.4400024,1.600000024,7.0
701.6813147,65.05519,25.45834,13.51600421,1.324895024,168.1000061,1.600000024,7.0
702.6813147,65.05518,25.45835167,13.51600935,1.258495808,163.8500061,1.700000048,7.099999905
703.6813147,65.05516833,25.45835333,13.41601407,1.218347549,196.7799988,1.700000048,6.900000095
704.6813147,65.05515667,25.458345,13.31601773,1.213200331,204.6199951,1.700000048,7.099999905
705.6813147,65.05514333,25.45832333,13.6160206,1.238936424,210.7100067,1.600000024,6.699999809
706.6813147,65.05513333,25.45831667,13.41602378,1.234818578,197.4299927,1.600000024,6.5
707.6813147,65.05512167,25.45831333,13.11602797,1.23945117,192.2899933,1.600000024,6.599999905
708.6813147,65.055105,25.45829667,12.51603268,1.212685585,193.0800018,1.5,6.400000095
709.6813147,65.05508833,25.458285,12.31603793,1.212170839,191.4900055,1.5,6.300000191
710.6813147,65.05507333,25.45827833,12.21604306,1.238936424,196.5,1.5,6.5
711.6813147,65.05506,25.45826333,12.11604665,1.330556989,204.6999969,1.600000024,6.599999905
712.6813147,65.055045,25.45824333,12.11605035,1.378940821,201.3600006,1.600000024,6.5
713.6813147,65.05503833,25.45821833,12.01605028,1.403132796,252.8699951,1.600000024,6.699999809
714.6813147,65.055035,25.458185,12.11604801,1.376367211,262.0700073,1.600000024,6.699999809
715.6813147,65.05502833,25.45816333,12.11604829,1.288349748,235.2799988,1.600000024,6.900000095
